{
  "checkpoint": "/teamspace/studios/this_studio/text_to_sign/text_to_sign/checkpoints_textboost_arch_fast5/text2sign_20260114_145727/best_model.pt",
  "num_samples": 8,
  "batch_size": 4,
  "repeats": 1,
  "selection": {
    "max_word_count": 5,
    "unique_prompts": true,
    "diverse_batches": true,
    "min_timestep": 70,
    "max_timestep": 100
  },
  "device": "cuda",
  "normal_loss": {
    "mean": 1.0562656670808792,
    "ci95_low": 1.0539989527314901,
    "ci95_high": 1.0584609646350145
  },
  "none_loss": {
    "mean": 1.0591265261173248,
    "ci95_low": 1.057622804492712,
    "ci95_high": 1.0609543718397618
  },
  "random_loss": {
    "mean": 1.0563042014837265,
    "ci95_low": 1.0545420490205288,
    "ci95_high": 1.0584569044411183
  },
  "none_minus_normal": {
    "mean": 0.0028608590364456177,
    "ci95_low": 0.001621939241886139,
    "ci95_high": 0.0038849774748086928
  },
  "random_minus_normal": {
    "mean": 3.853440284729004e-05,
    "ci95_low": -0.001324049010872841,
    "ci95_high": 0.0013255462050437922
  },
  "prompt_ranking": {
    "top1_accuracy": {
      "mean": 0.5,
      "ci95_low": 0.125,
      "ci95_high": 0.875
    },
    "top3_accuracy": {
      "mean": 0.75,
      "ci95_low": 0.375,
      "ci95_high": 1.0
    },
    "mean_correct_rank": {
      "mean": 2.125,
      "ci95_low": 1.375,
      "ci95_high": 3.0
    },
    "mean_best_wrong_minus_correct": {
      "mean": -0.0012112259864807129,
      "ci95_low": -0.002858459949493408,
      "ci95_high": 0.0004278171807527507
    },
    "chance_top1": 0.25
  },
  "records": [
    {
      "batch_index": 0,
      "sample_index": 0,
      "text": "[LEN_3] MICHAEL ROSENGART: Thrusters.",
      "normal_loss": 1.0511021614074707,
      "none_loss": 1.056502103805542,
      "random_loss": 1.0539741516113281,
      "correct_rank": 1,
      "top1_hit": true,
      "top3_hit": true,
      "best_wrong_minus_correct": 0.0028421878814697266
    },
    {
      "batch_index": 0,
      "sample_index": 1,
      "text": "[LEN_2] That's good.",
      "normal_loss": 1.0610873699188232,
      "none_loss": 1.0642321109771729,
      "random_loss": 1.0628262758255005,
      "correct_rank": 2,
      "top1_hit": false,
      "top3_hit": true,
      "best_wrong_minus_correct": -0.0030221939086914062
    },
    {
      "batch_index": 0,
      "sample_index": 2,
      "text": "[LEN_1] Okay.",
      "normal_loss": 1.0562279224395752,
      "none_loss": 1.0588514804840088,
      "random_loss": 1.0527998208999634,
      "correct_rank": 3,
      "top1_hit": false,
      "top3_hit": true,
      "best_wrong_minus_correct": -0.0034281015396118164
    },
    {
      "batch_index": 0,
      "sample_index": 3,
      "text": "[LEN_3] It's not segmented.",
      "normal_loss": 1.0598629713058472,
      "none_loss": 1.0593986511230469,
      "random_loss": 1.0581612586975098,
      "correct_rank": 4,
      "top1_hit": false,
      "top3_hit": false,
      "best_wrong_minus_correct": -0.0051076412200927734
    },
    {
      "batch_index": 1,
      "sample_index": 0,
      "text": "[LEN_1] Good.",
      "normal_loss": 1.056891679763794,
      "none_loss": 1.0586483478546143,
      "random_loss": 1.055728554725647,
      "correct_rank": 4,
      "top1_hit": false,
      "top3_hit": false,
      "best_wrong_minus_correct": -0.001664280891418457
    },
    {
      "batch_index": 1,
      "sample_index": 1,
      "text": "[LEN_3] Let's open Access.",
      "normal_loss": 1.0578149557113647,
      "none_loss": 1.0613317489624023,
      "random_loss": 1.0578277111053467,
      "correct_rank": 1,
      "top1_hit": true,
      "top3_hit": true,
      "best_wrong_minus_correct": 1.2755393981933594e-05
    },
    {
      "batch_index": 1,
      "sample_index": 2,
      "text": "[LEN_2] Try it.",
      "normal_loss": 1.053259015083313,
      "none_loss": 1.0573463439941406,
      "random_loss": 1.0547945499420166,
      "correct_rank": 1,
      "top1_hit": true,
      "top3_hit": true,
      "best_wrong_minus_correct": 0.00023543834686279297
    },
    {
      "batch_index": 1,
      "sample_index": 3,
      "text": "[LEN_3] Good work, Jonesy.",
      "normal_loss": 1.0538792610168457,
      "none_loss": 1.056701421737671,
      "random_loss": 1.0543212890625,
      "correct_rank": 1,
      "top1_hit": true,
      "top3_hit": true,
      "best_wrong_minus_correct": 0.0004420280456542969
    }
  ]
}