{
  "checkpoint": "/teamspace/studios/this_studio/text_to_sign/text_to_sign/checkpoints_textboost_full10_small/text2sign_20260114_145727/best_model.pt",
  "num_samples": 13,
  "batch_size": 4,
  "repeats": 1,
  "selection": {
    "max_word_count": 5,
    "unique_prompts": true,
    "diverse_batches": true,
    "min_timestep": 70,
    "max_timestep": 100
  },
  "device": "cpu",
  "normal_loss": {
    "mean": 0.1950121487562473,
    "ci95_low": 0.19342096126996552,
    "ci95_high": 0.19666247651554072
  },
  "none_loss": {
    "mean": 0.1868168872136336,
    "ci95_low": 0.18539025304982296,
    "ci95_high": 0.18837935311289936
  },
  "random_loss": {
    "mean": 0.19500285043166235,
    "ci95_low": 0.19339576890835397,
    "ci95_high": 0.19674719999042842
  },
  "none_minus_normal": {
    "mean": -0.008195261542613689,
    "ci95_low": -0.008411593993122761,
    "ci95_high": -0.007973908976866648
  },
  "random_minus_normal": {
    "mean": -9.298324584960938e-06,
    "ci95_low": -9.472461847158579e-05,
    "ci95_high": 7.849106421837437e-05
  },
  "prompt_ranking": {
    "top1_accuracy": {
      "mean": 0.3076923076923077,
      "ci95_low": 0.07692307692307693,
      "ci95_high": 0.5384615384615384
    },
    "top3_accuracy": {
      "mean": 0.7692307692307693,
      "ci95_low": 0.5384615384615384,
      "ci95_high": 1.0
    },
    "mean_correct_rank": {
      "mean": 2.3076923076923075,
      "ci95_low": 1.6923076923076923,
      "ci95_high": 3.0
    },
    "mean_best_wrong_minus_correct": {
      "mean": -9.419711736532358e-05,
      "ci95_low": -0.0001644417356986266,
      "ci95_high": -2.384205850271082e-05
    },
    "chance_top1": 0.25
  },
  "records": [
    {
      "batch_index": 0,
      "sample_index": 0,
      "text": "[LEN_3] MICHAEL ROSENGART: Thrusters.",
      "normal_loss": 0.20128852128982544,
      "none_loss": 0.1924647092819214,
      "random_loss": 0.20119284093379974,
      "correct_rank": 4,
      "top1_hit": false,
      "top3_hit": false,
      "best_wrong_minus_correct": -0.000225946307182312
    },
    {
      "batch_index": 0,
      "sample_index": 1,
      "text": "[LEN_2] That's good.",
      "normal_loss": 0.19726566970348358,
      "none_loss": 0.18877875804901123,
      "random_loss": 0.19737665355205536,
      "correct_rank": 2,
      "top1_hit": false,
      "top3_hit": true,
      "best_wrong_minus_correct": -9.475648403167725e-05
    },
    {
      "batch_index": 0,
      "sample_index": 2,
      "text": "[LEN_1] Okay.",
      "normal_loss": 0.19167868793010712,
      "none_loss": 0.18387238681316376,
      "random_loss": 0.19158904254436493,
      "correct_rank": 3,
      "top1_hit": false,
      "top3_hit": true,
      "best_wrong_minus_correct": -8.96453857421875e-05
    },
    {
      "batch_index": 0,
      "sample_index": 3,
      "text": "[LEN_3] It's not segmented.",
      "normal_loss": 0.19811423122882843,
      "none_loss": 0.18965454399585724,
      "random_loss": 0.1981918066740036,
      "correct_rank": 1,
      "top1_hit": true,
      "top3_hit": true,
      "best_wrong_minus_correct": 7.75754451751709e-05
    },
    {
      "batch_index": 1,
      "sample_index": 0,
      "text": "[LEN_1] Good.",
      "normal_loss": 0.19752264022827148,
      "none_loss": 0.18904702365398407,
      "random_loss": 0.19762881100177765,
      "correct_rank": 2,
      "top1_hit": false,
      "top3_hit": true,
      "best_wrong_minus_correct": -0.00017859041690826416
    },
    {
      "batch_index": 1,
      "sample_index": 1,
      "text": "[LEN_3] Let's open Access.",
      "normal_loss": 0.19211991131305695,
      "none_loss": 0.18423551321029663,
      "random_loss": 0.19196264445781708,
      "correct_rank": 3,
      "top1_hit": false,
      "top3_hit": true,
      "best_wrong_minus_correct": -0.00025822222232818604
    },
    {
      "batch_index": 1,
      "sample_index": 2,
      "text": "[LEN_2] Try it.",
      "normal_loss": 0.19300854206085205,
      "none_loss": 0.18524019420146942,
      "random_loss": 0.19270558655261993,
      "correct_rank": 4,
      "top1_hit": false,
      "top3_hit": false,
      "best_wrong_minus_correct": -0.0003029555082321167
    },
    {
      "batch_index": 1,
      "sample_index": 3,
      "text": "[LEN_3] RICHARD BUCCOLA: Hi.",
      "normal_loss": 0.19680260121822357,
      "none_loss": 0.1887410432100296,
      "random_loss": 0.1971236914396286,
      "correct_rank": 1,
      "top1_hit": true,
      "top3_hit": true,
      "best_wrong_minus_correct": 0.00013694167137145996
    },
    {
      "batch_index": 2,
      "sample_index": 0,
      "text": "[LEN_3] Good work, Jonesy.",
      "normal_loss": 0.19327504932880402,
      "none_loss": 0.18561513721942902,
      "random_loss": 0.19322866201400757,
      "correct_rank": 2,
      "top1_hit": false,
      "top3_hit": true,
      "best_wrong_minus_correct": -4.6387314796447754e-05
    },
    {
      "batch_index": 2,
      "sample_index": 1,
      "text": "[LEN_2] Press F11.",
      "normal_loss": 0.19451816380023956,
      "none_loss": 0.18586860597133636,
      "random_loss": 0.19428683817386627,
      "correct_rank": 4,
      "top1_hit": false,
      "top3_hit": false,
      "best_wrong_minus_correct": -0.00023132562637329102
    },
    {
      "batch_index": 2,
      "sample_index": 2,
      "text": "[LEN_1] Right.",
      "normal_loss": 0.19509166479110718,
      "none_loss": 0.18672700226306915,
      "random_loss": 0.19512492418289185,
      "correct_rank": 1,
      "top1_hit": true,
      "top3_hit": true,
      "best_wrong_minus_correct": 3.0025839805603027e-05
    },
    {
      "batch_index": 2,
      "sample_index": 3,
      "text": "[LEN_3] She thanked me.",
      "normal_loss": 0.18959756195545197,
      "none_loss": 0.18205572664737701,
      "random_loss": 0.18975086510181427,
      "correct_rank": 2,
      "top1_hit": false,
      "top3_hit": true,
      "best_wrong_minus_correct": -4.127621650695801e-05
    },
    {
      "batch_index": 3,
      "sample_index": 0,
      "text": "[LEN_2] Say insert.",
      "normal_loss": 0.19487468898296356,
      "none_loss": 0.18631888926029205,
      "random_loss": 0.19487468898296356,
      "correct_rank": 1,
      "top1_hit": true,
      "top3_hit": true,
      "best_wrong_minus_correct": 0.0
    }
  ]
}