{
  "checkpoint": "/teamspace/studios/this_studio/text_to_sign/text_to_sign/checkpoints_textboost_full10_small/text2sign_20260114_145727/best_model.pt",
  "num_samples": 8,
  "batch_size": 4,
  "repeats": 1,
  "selection": {
    "max_word_count": 5,
    "unique_prompts": true,
    "diverse_batches": true,
    "min_timestep": 70,
    "max_timestep": 100
  },
  "device": "cpu",
  "normal_loss": {
    "mean": 0.19604737870395184,
    "ci95_low": 0.19375475496053696,
    "ci95_high": 0.19823932275176048
  },
  "none_loss": {
    "mean": 0.1877615638077259,
    "ci95_low": 0.1858163746073842,
    "ci95_high": 0.18974152030423283
  },
  "random_loss": {
    "mean": 0.19604798033833504,
    "ci95_low": 0.19356192499399186,
    "ci95_high": 0.19822935918346046
  },
  "none_minus_normal": {
    "mean": -0.00828581489622593,
    "ci95_low": -0.008542296895757317,
    "ci95_high": -0.008017344912514091
  },
  "random_minus_normal": {
    "mean": 6.016343832015991e-07,
    "ci95_low": -7.906369864940643e-05,
    "ci95_high": 7.448145188391205e-05
  },
  "prompt_ranking": {
    "top1_accuracy": {
      "mean": 0.25,
      "ci95_low": 0.0,
      "ci95_high": 0.625
    },
    "top3_accuracy": {
      "mean": 0.75,
      "ci95_low": 0.5,
      "ci95_high": 1.0
    },
    "mean_correct_rank": {
      "mean": 2.5,
      "ci95_low": 1.75,
      "ci95_high": 3.25
    },
    "mean_best_wrong_minus_correct": {
      "mean": -8.72984528541565e-05,
      "ci95_low": -0.00015405938029289246,
      "ci95_high": -1.843525096774109e-05
    },
    "chance_top1": 0.25
  },
  "records": [
    {
      "batch_index": 0,
      "sample_index": 0,
      "text": "[LEN_3] MICHAEL ROSENGART: Thrusters.",
      "normal_loss": 0.20128852128982544,
      "none_loss": 0.1924647092819214,
      "random_loss": 0.20119284093379974,
      "correct_rank": 4,
      "top1_hit": false,
      "top3_hit": false,
      "best_wrong_minus_correct": -0.000225946307182312
    },
    {
      "batch_index": 0,
      "sample_index": 1,
      "text": "[LEN_2] That's good.",
      "normal_loss": 0.19726566970348358,
      "none_loss": 0.18877875804901123,
      "random_loss": 0.19737665355205536,
      "correct_rank": 2,
      "top1_hit": false,
      "top3_hit": true,
      "best_wrong_minus_correct": -9.475648403167725e-05
    },
    {
      "batch_index": 0,
      "sample_index": 2,
      "text": "[LEN_1] Okay.",
      "normal_loss": 0.19167868793010712,
      "none_loss": 0.18387238681316376,
      "random_loss": 0.19158904254436493,
      "correct_rank": 3,
      "top1_hit": false,
      "top3_hit": true,
      "best_wrong_minus_correct": -8.96453857421875e-05
    },
    {
      "batch_index": 0,
      "sample_index": 3,
      "text": "[LEN_3] It's not segmented.",
      "normal_loss": 0.19811423122882843,
      "none_loss": 0.18965454399585724,
      "random_loss": 0.1981918066740036,
      "correct_rank": 1,
      "top1_hit": true,
      "top3_hit": true,
      "best_wrong_minus_correct": 7.75754451751709e-05
    },
    {
      "batch_index": 1,
      "sample_index": 0,
      "text": "[LEN_1] Good.",
      "normal_loss": 0.19752264022827148,
      "none_loss": 0.18904702365398407,
      "random_loss": 0.19762881100177765,
      "correct_rank": 1,
      "top1_hit": true,
      "top3_hit": true,
      "best_wrong_minus_correct": 3.0472874641418457e-05
    },
    {
      "batch_index": 1,
      "sample_index": 1,
      "text": "[LEN_3] Let's open Access.",
      "normal_loss": 0.19211991131305695,
      "none_loss": 0.18423551321029663,
      "random_loss": 0.19196264445781708,
      "correct_rank": 3,
      "top1_hit": false,
      "top3_hit": true,
      "best_wrong_minus_correct": -0.00015726685523986816
    },
    {
      "batch_index": 1,
      "sample_index": 2,
      "text": "[LEN_2] Try it.",
      "normal_loss": 0.19300854206085205,
      "none_loss": 0.18524019420146942,
      "random_loss": 0.1929122358560562,
      "correct_rank": 4,
      "top1_hit": false,
      "top3_hit": false,
      "best_wrong_minus_correct": -0.00020009279251098633
    },
    {
      "batch_index": 1,
      "sample_index": 3,
      "text": "[LEN_3] Good work, Jonesy.",
      "normal_loss": 0.19738082587718964,
      "none_loss": 0.18879938125610352,
      "random_loss": 0.19752980768680573,
      "correct_rank": 2,
      "top1_hit": false,
      "top3_hit": true,
      "best_wrong_minus_correct": -3.872811794281006e-05
    }
  ]
}