{
  "checkpoint": "/teamspace/studios/this_studio/text_to_sign/text_to_sign/checkpoints/text2sign_20260319_015042/best_model.pt",
  "num_samples": 32,
  "batch_size": 4,
  "repeats": 2,
  "selection": {
    "max_word_count": 5,
    "unique_prompts": true,
    "diverse_batches": false,
    "min_timestep": 700,
    "max_timestep": 1000
  },
  "device": "cuda",
  "normal_loss": {
    "mean": 0.9876613561064005,
    "ci95_low": 0.9864727521780878,
    "ci95_high": 0.9889488871674985
  },
  "none_loss": {
    "mean": 0.9891609735786915,
    "ci95_low": 0.988030815962702,
    "ci95_high": 0.9904497162438929
  },
  "random_loss": {
    "mean": 0.9877186343073845,
    "ci95_low": 0.9864455624483526,
    "ci95_high": 0.9890240785200148
  },
  "none_minus_normal": {
    "mean": 0.0014996174722909927,
    "ci95_low": 0.0013353681191802026,
    "ci95_high": 0.0016619666013866663
  },
  "random_minus_normal": {
    "mean": 5.727820098400116e-05,
    "ci95_low": -0.00018074414692819117,
    "ci95_high": 0.00029651741497218584
  },
  "prompt_ranking": {
    "top1_accuracy": {
      "mean": 0.28125,
      "ci95_low": 0.125,
      "ci95_high": 0.4375
    },
    "top3_accuracy": {
      "mean": 0.78125,
      "ci95_low": 0.625,
      "ci95_high": 0.90625
    },
    "mean_correct_rank": {
      "mean": 2.4375,
      "ci95_low": 2.0625,
      "ci95_high": 2.84375
    },
    "mean_best_wrong_minus_correct": {
      "mean": -0.00041716359555721283,
      "ci95_low": -0.0006559086963534355,
      "ci95_high": -0.00015617460012435936
    },
    "chance_top1": 0.25
  },
  "records": [
    {
      "batch_index": 0,
      "sample_index": 0,
      "text": "MICHAEL ROSENGART: Thrusters.",
      "normal_loss": 0.9836727976799011,
      "none_loss": 0.9857214689254761,
      "random_loss": 0.9841790795326233,
      "correct_rank": 1,
      "top1_hit": true,
      "top3_hit": true,
      "best_wrong_minus_correct": 0.00039136409759521484
    },
    {
      "batch_index": 0,
      "sample_index": 1,
      "text": "Good.",
      "normal_loss": 0.9881969690322876,
      "none_loss": 0.990027666091919,
      "random_loss": 0.9883260130882263,
      "correct_rank": 3,
      "top1_hit": false,
      "top3_hit": true,
      "best_wrong_minus_correct": -0.000470578670501709
    },
    {
      "batch_index": 0,
      "sample_index": 2,
      "text": "That's good.",
      "normal_loss": 0.9877150654792786,
      "none_loss": 0.9896767139434814,
      "random_loss": 0.9878923892974854,
      "correct_rank": 1,
      "top1_hit": true,
      "top3_hit": true,
      "best_wrong_minus_correct": 0.0001773238182067871
    },
    {
      "batch_index": 0,
      "sample_index": 3,
      "text": "Good work, Jonesy.",
      "normal_loss": 0.9868893623352051,
      "none_loss": 0.988369345664978,
      "random_loss": 0.9867491722106934,
      "correct_rank": 4,
      "top1_hit": false,
      "top3_hit": false,
      "best_wrong_minus_correct": -0.00032198429107666016
    },
    {
      "batch_index": 1,
      "sample_index": 0,
      "text": "It's not segmented.",
      "normal_loss": 0.9877532720565796,
      "none_loss": 0.9891574382781982,
      "random_loss": 0.9880719780921936,
      "correct_rank": 3,
      "top1_hit": false,
      "top3_hit": true,
      "best_wrong_minus_correct": -0.00040328502655029297
    },
    {
      "batch_index": 1,
      "sample_index": 1,
      "text": "It's one smooth movement.",
      "normal_loss": 0.9844514727592468,
      "none_loss": 0.9864373207092285,
      "random_loss": 0.9846820831298828,
      "correct_rank": 1,
      "top1_hit": true,
      "top3_hit": true,
      "best_wrong_minus_correct": 0.00010699033737182617
    },
    {
      "batch_index": 1,
      "sample_index": 2,
      "text": "Try it.",
      "normal_loss": 0.99415123462677,
      "none_loss": 0.9959803819656372,
      "random_loss": 0.9940868616104126,
      "correct_rank": 2,
      "top1_hit": false,
      "top3_hit": true,
      "best_wrong_minus_correct": -6.437301635742188e-05
    },
    {
      "batch_index": 1,
      "sample_index": 3,
      "text": "Okay.",
      "normal_loss": 0.9858649969100952,
      "none_loss": 0.9872407913208008,
      "random_loss": 0.985395610332489,
      "correct_rank": 4,
      "top1_hit": false,
      "top3_hit": false,
      "best_wrong_minus_correct": -0.0007645487785339355
    },
    {
      "batch_index": 2,
      "sample_index": 0,
      "text": "It's not segmented like that.",
      "normal_loss": 0.9878916144371033,
      "none_loss": 0.9889746904373169,
      "random_loss": 0.9868960380554199,
      "correct_rank": 4,
      "top1_hit": false,
      "top3_hit": false,
      "best_wrong_minus_correct": -0.0009955763816833496
    },
    {
      "batch_index": 2,
      "sample_index": 1,
      "text": "I really like that.",
      "normal_loss": 0.9855202436447144,
      "none_loss": 0.9870727062225342,
      "random_loss": 0.9860495924949646,
      "correct_rank": 2,
      "top1_hit": false,
      "top3_hit": true,
      "best_wrong_minus_correct": -0.00041496753692626953
    },
    {
      "batch_index": 2,
      "sample_index": 2,
      "text": "Click on your office button.",
      "normal_loss": 0.9870100021362305,
      "none_loss": 0.9885677099227905,
      "random_loss": 0.9878325462341309,
      "correct_rank": 1,
      "top1_hit": true,
      "top3_hit": true,
      "best_wrong_minus_correct": 0.0004506111145019531
    },
    {
      "batch_index": 2,
      "sample_index": 3,
      "text": "Go to save as.",
      "normal_loss": 0.9897215366363525,
      "none_loss": 0.9908382296562195,
      "random_loss": 0.9894092082977295,
      "correct_rank": 3,
      "top1_hit": false,
      "top3_hit": true,
      "best_wrong_minus_correct": -0.0010983943939208984
    },
    {
      "batch_index": 3,
      "sample_index": 0,
      "text": "Let's open Access.",
      "normal_loss": 0.9873940944671631,
      "none_loss": 0.9894184470176697,
      "random_loss": 0.9880903959274292,
      "correct_rank": 1,
      "top1_hit": true,
      "top3_hit": true,
      "best_wrong_minus_correct": 0.00034677982330322266
    },
    {
      "batch_index": 3,
      "sample_index": 1,
      "text": "Here's our new database.",
      "normal_loss": 0.9853414297103882,
      "none_loss": 0.9872199296951294,
      "random_loss": 0.9854048490524292,
      "correct_rank": 2,
      "top1_hit": false,
      "top3_hit": true,
      "best_wrong_minus_correct": -0.0001882314682006836
    },
    {
      "batch_index": 3,
      "sample_index": 2,
      "text": "Press F11.",
      "normal_loss": 0.9869451522827148,
      "none_loss": 0.988564133644104,
      "random_loss": 0.9869029521942139,
      "correct_rank": 3,
      "top1_hit": false,
      "top3_hit": true,
      "best_wrong_minus_correct": -0.00037384033203125
    },
    {
      "batch_index": 3,
      "sample_index": 3,
      "text": "Go to the top.",
      "normal_loss": 0.9914888143539429,
      "none_loss": 0.9925076961517334,
      "random_loss": 0.9908121824264526,
      "correct_rank": 4,
      "top1_hit": false,
      "top3_hit": false,
      "best_wrong_minus_correct": -0.0009006857872009277
    },
    {
      "batch_index": 4,
      "sample_index": 0,
      "text": "Say insert.",
      "normal_loss": 0.9797488451004028,
      "none_loss": 0.9824488162994385,
      "random_loss": 0.9809445142745972,
      "correct_rank": 1,
      "top1_hit": true,
      "top3_hit": true,
      "best_wrong_minus_correct": 0.0009032487869262695
    },
    {
      "batch_index": 4,
      "sample_index": 1,
      "text": "We're going to say module.",
      "normal_loss": 0.9888896346092224,
      "none_loss": 0.9906566143035889,
      "random_loss": 0.9889830350875854,
      "correct_rank": 3,
      "top1_hit": false,
      "top3_hit": true,
      "best_wrong_minus_correct": -0.0006478428840637207
    },
    {
      "batch_index": 4,
      "sample_index": 2,
      "text": "That's what it's all about.",