{
  "checkpoint": "/teamspace/studios/this_studio/text_to_sign/text_to_sign/checkpoints/text2sign_20260319_015042/best_model.pt",
  "num_samples": 4,
  "batch_size": 4,
  "repeats": 1,
  "selection": {
    "max_word_count": 5,
    "unique_prompts": true,
    "min_timestep": 0,
    "max_timestep": 100
  },
  "device": "cuda",
  "normal_loss": {
    "mean": 1.1216281652450562,
    "ci95_low": 1.1048848628997803,
    "ci95_high": 1.150117814540863
  },
  "none_loss": {
    "mean": 1.123155564069748,
    "ci95_low": 1.1066063344478607,
    "ci95_high": 1.1523945331573486
  },
  "random_loss": {
    "mean": 1.1208225786685944,
    "ci95_low": 1.104366660118103,
    "ci95_high": 1.1511426866054535
  },
  "none_minus_normal": {
    "mean": 0.0015273988246917725,
    "ci95_low": 0.00029727816581726074,
    "ci95_high": 0.002339005470275879
  },
  "random_minus_normal": {
    "mean": -0.000805586576461792,
    "ci95_low": -0.0019237399101257324,
    "ci95_high": 0.00031256675720214844
  },
  "prompt_ranking": {
    "top1_accuracy": {
      "mean": 0.0,
      "ci95_low": 0.0,
      "ci95_high": 0.0
    },
    "top3_accuracy": {
      "mean": 0.75,
      "ci95_low": 0.25,
      "ci95_high": 1.0
    },
    "mean_correct_rank": {
      "mean": 3.0,
      "ci95_low": 2.25,
      "ci95_high": 3.75
    },
    "mean_best_wrong_minus_correct": {
      "mean": -0.0014269649982452393,
      "ci95_low": -0.0022769570350646973,
      "ci95_high": -0.0005948245525360107
    },
    "chance_top1": 0.25
  },
  "records": [
    {
      "batch_index": 0,
      "sample_index": 0,
      "text": "MICHAEL ROSENGART: Thrusters.",
      "normal_loss": 1.1066679954528809,
      "none_loss": 1.1091315746307373,
      "random_loss": 1.105412244796753,
      "correct_rank": 3,
      "top1_hit": false,
      "top3_hit": true,
      "best_wrong_minus_correct": -0.0012557506561279297
    },
    {
      "batch_index": 0,
      "sample_index": 1,
      "text": "Good.",
      "normal_loss": 1.1646010875701904,
      "none_loss": 1.1668155193328857,
      "random_loss": 1.1650068759918213,
      "correct_rank": 3,
      "top1_hit": false,
      "top3_hit": true,
      "best_wrong_minus_correct": -0.0015624761581420898
    },
    {
      "batch_index": 0,
      "sample_index": 2,
      "text": "That's good.",
      "normal_loss": 1.1031017303466797,
      "none_loss": 1.104875087738037,
      "random_loss": 1.1033210754394531,
      "correct_rank": 2,
      "top1_hit": false,
      "top3_hit": true,
      "best_wrong_minus_correct": -0.0002722740173339844
    },
    {
      "batch_index": 0,
      "sample_index": 3,
      "text": "Good work, Jonesy.",
      "normal_loss": 1.1121418476104736,
      "none_loss": 1.1118000745773315,
      "random_loss": 1.10955011844635,
      "correct_rank": 4,
      "top1_hit": false,
      "top3_hit": false,
      "best_wrong_minus_correct": -0.002617359161376953
    }
  ]
}