{
  "checkpoint": "/teamspace/studios/this_studio/text_to_sign/text_to_sign/checkpoints_textfix_small/text2sign_20260114_145727/checkpoint_epoch_2.pt",
  "num_samples": 8,
  "batch_size": 4,
  "repeats": 1,
  "selection": {
    "max_word_count": 5,
    "unique_prompts": true,
    "diverse_batches": true,
    "min_timestep": 70,
    "max_timestep": 100
  },
  "device": "cuda",
  "normal_loss": {
    "mean": 1.166290134191513,
    "ci95_low": 1.1645092021673917,
    "ci95_high": 1.1681390520185233
  },
  "none_loss": {
    "mean": 1.16628997027874,
    "ci95_low": 1.1645329147577286,
    "ci95_high": 1.1682193044573068
  },
  "random_loss": {
    "mean": 1.1662923842668533,
    "ci95_low": 1.1645582266151906,
    "ci95_high": 1.1681779026985168
  },
  "none_minus_normal": {
    "mean": -1.6391277313232422e-07,
    "ci95_low": -6.155669689178467e-06,
    "ci95_high": 5.632638931274414e-06
  },
  "random_minus_normal": {
    "mean": 2.250075340270996e-06,
    "ci95_low": -3.2935291528701783e-06,
    "ci95_high": 8.27014446258545e-06
  },
  "prompt_ranking": {
    "top1_accuracy": {
      "mean": 0.25,
      "ci95_low": 0.0,
      "ci95_high": 0.625
    },
    "top3_accuracy": {
      "mean": 0.875,
      "ci95_low": 0.625,
      "ci95_high": 1.0
    },
    "mean_correct_rank": {
      "mean": 2.375,
      "ci95_low": 1.625,
      "ci95_high": 3.0
    },
    "mean_best_wrong_minus_correct": {
      "mean": -5.990266799926758e-06,
      "ci95_low": -1.1074170470237731e-05,
      "ci95_high": -5.498528480529866e-07
    },
    "chance_top1": 0.25
  },
  "records": [
    {
      "batch_index": 0,
      "sample_index": 0,
      "text": "[LEN_3] MICHAEL ROSENGART: Thrusters.",
      "normal_loss": 1.1627343893051147,
      "none_loss": 1.162730097770691,
      "random_loss": 1.1627328395843506,
      "correct_rank": 4,
      "top1_hit": false,
      "top3_hit": false,
      "best_wrong_minus_correct": -1.8596649169921875e-05
    },
    {
      "batch_index": 0,
      "sample_index": 1,
      "text": "[LEN_2] That's good.",
      "normal_loss": 1.1686558723449707,
      "none_loss": 1.1686677932739258,
      "random_loss": 1.168666124343872,
      "correct_rank": 1,
      "top1_hit": true,
      "top3_hit": true,
      "best_wrong_minus_correct": 4.410743713378906e-06
    },
    {
      "batch_index": 0,
      "sample_index": 2,
      "text": "[LEN_1] Okay.",
      "normal_loss": 1.1683349609375,
      "none_loss": 1.1683402061462402,
      "random_loss": 1.1683398485183716,
      "correct_rank": 2,
      "top1_hit": false,
      "top3_hit": true,
      "best_wrong_minus_correct": -4.291534423828125e-06
    },
    {
      "batch_index": 0,
      "sample_index": 3,
      "text": "[LEN_3] It's not segmented.",
      "normal_loss": 1.1655969619750977,
      "none_loss": 1.1655910015106201,
      "random_loss": 1.165597915649414,
      "correct_rank": 3,
      "top1_hit": false,
      "top3_hit": true,
      "best_wrong_minus_correct": -6.9141387939453125e-06
    },
    {
      "batch_index": 1,
      "sample_index": 0,
      "text": "[LEN_1] Good.",
      "normal_loss": 1.1642762422561646,
      "none_loss": 1.1642870903015137,
      "random_loss": 1.1642701625823975,
      "correct_rank": 2,
      "top1_hit": false,
      "top3_hit": true,
      "best_wrong_minus_correct": -6.079673767089844e-06
    },
    {
      "batch_index": 1,
      "sample_index": 1,
      "text": "[LEN_3] Let's open Access.",
      "normal_loss": 1.1710166931152344,
      "none_loss": 1.1710195541381836,
      "random_loss": 1.171005368232727,
      "correct_rank": 3,
      "top1_hit": false,
      "top3_hit": true,
      "best_wrong_minus_correct": -1.1324882507324219e-05
    },
    {
      "batch_index": 1,
      "sample_index": 2,
      "text": "[LEN_2] Try it.",
      "normal_loss": 1.1634984016418457,
      "none_loss": 1.1634907722473145,
      "random_loss": 1.1635146141052246,
      "correct_rank": 1,
      "top1_hit": true,
      "top3_hit": true,
      "best_wrong_minus_correct": 5.9604644775390625e-06
    },
    {
      "batch_index": 1,
      "sample_index": 3,
      "text": "[LEN_3] Good work, Jonesy.",
      "normal_loss": 1.1662075519561768,
      "none_loss": 1.1661932468414307,
      "random_loss": 1.1662122011184692,
      "correct_rank": 3,
      "top1_hit": false,
      "top3_hit": true,
      "best_wrong_minus_correct": -1.1086463928222656e-05
    }
  ]
}