{
  "checkpoint": "/teamspace/studios/this_studio/text_to_sign/text_to_sign/checkpoints_textfix_small_stage3/text2sign_20260114_145727/best_model.pt",
  "num_samples": 13,
  "batch_size": 4,
  "repeats": 1,
  "selection": {
    "max_word_count": 5,
    "unique_prompts": true,
    "diverse_batches": true,
    "min_timestep": 70,
    "max_timestep": 100
  },
  "device": "cpu",
  "normal_loss": {
    "mean": 1.0944821009269128,
    "ci95_low": 1.0922431510228376,
    "ci95_high": 1.0967842349639307
  },
  "none_loss": {
    "mean": 1.0944820642471313,
    "ci95_low": 1.092146188708452,
    "ci95_high": 1.0966933076198284
  },
  "random_loss": {
    "mean": 1.094482082587022,
    "ci95_low": 1.0921859133702057,
    "ci95_high": 1.096722562954976
  },
  "none_minus_normal": {
    "mean": -3.6679781400240387e-08,
    "ci95_low": -6.418961745042067e-08,
    "ci95_high": -9.169945350060097e-09
  },
  "random_minus_normal": {
    "mean": -1.8339890700120193e-08,
    "ci95_low": -6.418961745042067e-08,
    "ci95_high": 1.8339890700120193e-08
  },
  "prompt_ranking": {
    "top1_accuracy": {
      "mean": 0.3076923076923077,
      "ci95_low": 0.07692307692307693,
      "ci95_high": 0.5384615384615384
    },
    "top3_accuracy": {
      "mean": 0.7692307692307693,
      "ci95_low": 0.5384615384615384,
      "ci95_high": 1.0
    },
    "mean_correct_rank": {
      "mean": 2.5384615384615383,
      "ci95_low": 1.9230769230769231,
      "ci95_high": 3.1538461538461537
    },
    "mean_best_wrong_minus_correct": {
      "mean": -5.501967210036058e-08,
      "ci95_low": -1.0086939885066106e-07,
      "ci95_high": -1.8339890700120193e-08
    },
    "chance_top1": 0.25
  },
  "records": [
    {
      "batch_index": 0,
      "sample_index": 0,
      "text": "[LEN_3] MICHAEL ROSENGART: Thrusters.",
      "normal_loss": 1.0940545797348022,
      "none_loss": 1.0940545797348022,
      "random_loss": 1.0940545797348022,
      "correct_rank": 1,
      "top1_hit": true,
      "top3_hit": true,
      "best_wrong_minus_correct": 0.0
    },
    {
      "batch_index": 0,
      "sample_index": 1,
      "text": "[LEN_2] That's good.",
      "normal_loss": 1.0881837606430054,
      "none_loss": 1.0881836414337158,
      "random_loss": 1.0881836414337158,
      "correct_rank": 3,
      "top1_hit": false,
      "top3_hit": true,
      "best_wrong_minus_correct": -1.1920928955078125e-07
    },
    {
      "batch_index": 0,
      "sample_index": 2,
      "text": "[LEN_1] Okay.",
      "normal_loss": 1.0949209928512573,
      "none_loss": 1.0949208736419678,
      "random_loss": 1.0949207544326782,
      "correct_rank": 4,
      "top1_hit": false,
      "top3_hit": false,
      "best_wrong_minus_correct": -2.384185791015625e-07
    },
    {
      "batch_index": 0,
      "sample_index": 3,
      "text": "[LEN_3] It's not segmented.",
      "normal_loss": 1.0879400968551636,
      "none_loss": 1.0879400968551636,
      "random_loss": 1.0879400968551636,
      "correct_rank": 3,
      "top1_hit": false,
      "top3_hit": true,
      "best_wrong_minus_correct": 0.0
    },
    {
      "batch_index": 1,
      "sample_index": 0,
      "text": "[LEN_1] Good.",
      "normal_loss": 1.1023216247558594,
      "none_loss": 1.1023216247558594,
      "random_loss": 1.1023216247558594,
      "correct_rank": 2,
      "top1_hit": false,
      "top3_hit": true,
      "best_wrong_minus_correct": -1.1920928955078125e-07
    },
    {
      "batch_index": 1,
      "sample_index": 1,
      "text": "[LEN_3] Let's open Access.",
      "normal_loss": 1.0901793241500854,
      "none_loss": 1.0901793241500854,
      "random_loss": 1.090179443359375,
      "correct_rank": 1,
      "top1_hit": true,
      "top3_hit": true,
      "best_wrong_minus_correct": 0.0
    },
    {
      "batch_index": 1,
      "sample_index": 2,
      "text": "[LEN_2] Try it.",
      "normal_loss": 1.0986723899841309,
      "none_loss": 1.0986723899841309,
      "random_loss": 1.0986723899841309,
      "correct_rank": 3,
      "top1_hit": false,
      "top3_hit": true,
      "best_wrong_minus_correct": 0.0
    },
    {
      "batch_index": 1,
      "sample_index": 3,
      "text": "[LEN_3] RICHARD BUCCOLA: Hi.",
      "normal_loss": 1.0919647216796875,
      "none_loss": 1.091964602470398,
      "random_loss": 1.0919647216796875,
      "correct_rank": 4,
      "top1_hit": false,
      "top3_hit": false,
      "best_wrong_minus_correct": -1.1920928955078125e-07
    },
    {
      "batch_index": 2,
      "sample_index": 0,
      "text": "[LEN_3] Good work, Jonesy.",
      "normal_loss": 1.096659541130066,
      "none_loss": 1.096659541130066,
      "random_loss": 1.096659541130066,
      "correct_rank": 1,
      "top1_hit": true,
      "top3_hit": true,
      "best_wrong_minus_correct": 0.0
    },
    {
      "batch_index": 2,
      "sample_index": 1,
      "text": "[LEN_2] Press F11.",
      "normal_loss": 1.09375,
      "none_loss": 1.0937498807907104,
      "random_loss": 1.09375,
      "correct_rank": 3,
      "top1_hit": false,
      "top3_hit": true,
      "best_wrong_minus_correct": -1.1920928955078125e-07
    },
    {
      "batch_index": 2,
      "sample_index": 2,
      "text": "[LEN_1] Right.",
      "normal_loss": 1.0999616384506226,
      "none_loss": 1.0999616384506226,
      "random_loss": 1.0999616384506226,
      "correct_rank": 3,
      "top1_hit": false,
      "top3_hit": true,
      "best_wrong_minus_correct": 0.0
    },
    {
      "batch_index": 2,
      "sample_index": 3,
      "text": "[LEN_3] She thanked me.",
      "normal_loss": 1.0928651094436646,
      "none_loss": 1.0928651094436646,
      "random_loss": 1.0928651094436646,
      "correct_rank": 4,
      "top1_hit": false,
      "top3_hit": false,
      "best_wrong_minus_correct": 0.0
    },
    {
      "batch_index": 3,
      "sample_index": 0,
      "text": "[LEN_2] Say insert.",
      "normal_loss": 1.096793532371521,
      "none_loss": 1.096793532371521,
      "random_loss": 1.096793532371521,
      "correct_rank": 1,
      "top1_hit": true,
      "top3_hit": true,
      "best_wrong_minus_correct": 0.0
    }
  ]
}