{
  "checkpoint": "/teamspace/studios/this_studio/text_to_sign/text_to_sign/checkpoints_textfix_small_stage3/text2sign_20260114_145727/best_model.pt",
  "num_samples": 8,
  "batch_size": 4,
  "repeats": 1,
  "selection": {
    "max_word_count": 5,
    "unique_prompts": true,
    "diverse_batches": true,
    "min_timestep": 70,
    "max_timestep": 100
  },
  "device": "cpu",
  "normal_loss": {
    "mean": 1.093517005443573,
    "ci95_low": 1.0904385801404715,
    "ci95_high": 1.0969020087271928
  },
  "none_loss": {
    "mean": 1.0935169756412506,
    "ci95_low": 1.0903866700828075,
    "ci95_high": 1.0970912866294384
  },
  "random_loss": {
    "mean": 1.0935169756412506,
    "ci95_low": 1.0903533238917589,
    "ci95_high": 1.0970020320266485
  },
  "none_minus_normal": {
    "mean": -2.9802322387695312e-08,
    "ci95_low": -5.960464477539063e-08,
    "ci95_high": 0.0
  },
  "random_minus_normal": {
    "mean": -2.9802322387695312e-08,
    "ci95_low": -1.043081283569336e-07,
    "ci95_high": 2.9802322387695312e-08
  },
  "prompt_ranking": {
    "top1_accuracy": {
      "mean": 0.25,
      "ci95_low": 0.0,
      "ci95_high": 0.5
    },
    "top3_accuracy": {
      "mean": 0.75,
      "ci95_low": 0.375,
      "ci95_high": 1.0
    },
    "mean_correct_rank": {
      "mean": 2.625,
      "ci95_low": 1.875,
      "ci95_high": 3.375
    },
    "mean_best_wrong_minus_correct": {
      "mean": -5.960464477539063e-08,
      "ci95_low": -1.1920928955078125e-07,
      "ci95_high": -1.4528632164003498e-08
    },
    "chance_top1": 0.25
  },
  "records": [
    {
      "batch_index": 0,
      "sample_index": 0,
      "text": "[LEN_3] MICHAEL ROSENGART: Thrusters.",
      "normal_loss": 1.0940545797348022,
      "none_loss": 1.0940545797348022,
      "random_loss": 1.0940545797348022,
      "correct_rank": 1,
      "top1_hit": true,
      "top3_hit": true,
      "best_wrong_minus_correct": 0.0
    },
    {
      "batch_index": 0,
      "sample_index": 1,
      "text": "[LEN_2] That's good.",
      "normal_loss": 1.0881837606430054,
      "none_loss": 1.0881836414337158,
      "random_loss": 1.0881836414337158,
      "correct_rank": 3,
      "top1_hit": false,
      "top3_hit": true,
      "best_wrong_minus_correct": -1.1920928955078125e-07
    },
    {
      "batch_index": 0,
      "sample_index": 2,
      "text": "[LEN_1] Okay.",
      "normal_loss": 1.0949209928512573,
      "none_loss": 1.0949208736419678,
      "random_loss": 1.0949207544326782,
      "correct_rank": 4,
      "top1_hit": false,
      "top3_hit": false,
      "best_wrong_minus_correct": -2.384185791015625e-07
    },
    {
      "batch_index": 0,
      "sample_index": 3,
      "text": "[LEN_3] It's not segmented.",
      "normal_loss": 1.0879400968551636,
      "none_loss": 1.0879400968551636,
      "random_loss": 1.0879400968551636,
      "correct_rank": 3,
      "top1_hit": false,
      "top3_hit": true,
      "best_wrong_minus_correct": 0.0
    },
    {
      "batch_index": 1,
      "sample_index": 0,
      "text": "[LEN_1] Good.",
      "normal_loss": 1.1023216247558594,
      "none_loss": 1.1023216247558594,
      "random_loss": 1.1023216247558594,
      "correct_rank": 2,
      "top1_hit": false,
      "top3_hit": true,
      "best_wrong_minus_correct": -1.1920928955078125e-07
    },
    {
      "batch_index": 1,
      "sample_index": 1,
      "text": "[LEN_3] Let's open Access.",
      "normal_loss": 1.0901793241500854,
      "none_loss": 1.0901793241500854,
      "random_loss": 1.090179443359375,
      "correct_rank": 1,
      "top1_hit": true,
      "top3_hit": true,
      "best_wrong_minus_correct": 0.0
    },
    {
      "batch_index": 1,
      "sample_index": 2,
      "text": "[LEN_2] Try it.",
      "normal_loss": 1.0986723899841309,
      "none_loss": 1.0986723899841309,
      "random_loss": 1.0986723899841309,
      "correct_rank": 3,
      "top1_hit": false,
      "top3_hit": true,
      "best_wrong_minus_correct": 0.0
    },
    {
      "batch_index": 1,
      "sample_index": 3,
      "text": "[LEN_3] Good work, Jonesy.",
      "normal_loss": 1.0918632745742798,
      "none_loss": 1.0918632745742798,
      "random_loss": 1.0918632745742798,
      "correct_rank": 4,
      "top1_hit": false,
      "top3_hit": false,
      "best_wrong_minus_correct": 0.0
    }
  ]
}