{
  "checkpoint": "/teamspace/studios/this_studio/text_to_sign/text_to_sign/checkpoints_textfix_small_stage3/text2sign_20260114_145727/best_model.pt",
  "num_samples": 8,
  "batch_size": 4,
  "repeats": 1,
  "selection": {
    "max_word_count": 5,
    "unique_prompts": true,
    "diverse_batches": true,
    "min_timestep": 70,
    "max_timestep": 100
  },
  "device": "cuda",
  "normal_loss": {
    "mean": 1.0919651836156845,
    "ci95_low": 1.0898670725524426,
    "ci95_high": 1.0940796926617622
  },
  "none_loss": {
    "mean": 1.0919712334871292,
    "ci95_low": 1.0899098601192236,
    "ci95_high": 1.094104727730155
  },
  "random_loss": {
    "mean": 1.0919748544692993,
    "ci95_low": 1.0898701187223196,
    "ci95_high": 1.094067933037877
  },
  "none_minus_normal": {
    "mean": 6.0498714447021484e-06,
    "ci95_low": -8.359551429748534e-07,
    "ci95_high": 1.4350563287734981e-05
  },
  "random_minus_normal": {
    "mean": 9.670853614807129e-06,
    "ci95_low": 2.1141022443771362e-06,
    "ci95_high": 1.7867237329483028e-05
  },
  "prompt_ranking": {
    "top1_accuracy": {
      "mean": 0.5,
      "ci95_low": 0.125,
      "ci95_high": 0.875
    },
    "top3_accuracy": {
      "mean": 0.875,
      "ci95_low": 0.625,
      "ci95_high": 1.0
    },
    "mean_correct_rank": {
      "mean": 1.875,
      "ci95_low": 1.25,
      "ci95_high": 2.625
    },
    "mean_best_wrong_minus_correct": {
      "mean": -2.905726432800293e-06,
      "ci95_low": -1.3843551278114319e-05,
      "ci95_high": 6.5717846155166606e-06
    },
    "chance_top1": 0.25
  },
  "records": [
    {
      "batch_index": 0,
      "sample_index": 0,
      "text": "[LEN_3] MICHAEL ROSENGART: Thrusters.",
      "normal_loss": 1.0877416133880615,
      "none_loss": 1.0877685546875,
      "random_loss": 1.0877618789672852,
      "correct_rank": 1,
      "top1_hit": true,
      "top3_hit": true,
      "best_wrong_minus_correct": 0.0
    },
    {
      "batch_index": 0,
      "sample_index": 1,
      "text": "[LEN_2] That's good.",
      "normal_loss": 1.09633469581604,
      "none_loss": 1.0963548421859741,
      "random_loss": 1.0963408946990967,
      "correct_rank": 1,
      "top1_hit": true,
      "top3_hit": true,
      "best_wrong_minus_correct": 6.198883056640625e-06
    },
    {
      "batch_index": 0,
      "sample_index": 2,
      "text": "[LEN_1] Okay.",
      "normal_loss": 1.091726541519165,
      "none_loss": 1.0917255878448486,
      "random_loss": 1.0917572975158691,
      "correct_rank": 1,
      "top1_hit": true,
      "top3_hit": true,
      "best_wrong_minus_correct": 1.4901161193847656e-05
    },
    {
      "batch_index": 0,
      "sample_index": 3,
      "text": "[LEN_3] It's not segmented.",
      "normal_loss": 1.0943872928619385,
      "none_loss": 1.0943872928619385,
      "random_loss": 1.0943872928619385,
      "correct_rank": 4,
      "top1_hit": false,
      "top3_hit": false,
      "best_wrong_minus_correct": 0.0
    },
    {
      "batch_index": 1,
      "sample_index": 0,
      "text": "[LEN_1] Good.",
      "normal_loss": 1.0898563861846924,
      "none_loss": 1.0898513793945312,
      "random_loss": 1.0898563861846924,
      "correct_rank": 2,
      "top1_hit": false,
      "top3_hit": true,
      "best_wrong_minus_correct": -6.9141387939453125e-06
    },
    {
      "batch_index": 1,
      "sample_index": 1,
      "text": "[LEN_3] Let's open Access.",
      "normal_loss": 1.0952826738357544,
      "none_loss": 1.0952826738357544,
      "random_loss": 1.095292329788208,
      "correct_rank": 2,
      "top1_hit": false,
      "top3_hit": true,
      "best_wrong_minus_correct": -2.4557113647460938e-05
    },
    {
      "batch_index": 1,
      "sample_index": 2,
      "text": "[LEN_2] Try it.",
      "normal_loss": 1.0877723693847656,
      "none_loss": 1.0877803564071655,
      "random_loss": 1.0877879858016968,
      "correct_rank": 1,
      "top1_hit": true,
      "top3_hit": true,
      "best_wrong_minus_correct": 1.4543533325195312e-05
    },
    {
      "batch_index": 1,
      "sample_index": 3,
      "text": "[LEN_3] Good work, Jonesy.",
      "normal_loss": 1.0926198959350586,
      "none_loss": 1.0926191806793213,
      "random_loss": 1.092614769935608,
      "correct_rank": 3,
      "top1_hit": false,
      "top3_hit": true,
      "best_wrong_minus_correct": -2.7418136596679688e-05
    }
  ]
}