{
  "checkpoint": "/teamspace/studios/this_studio/text_to_sign/text_to_sign/checkpoints_textfix_small_stage3/text2sign_20260114_145727/best_model.pt",
  "num_samples": 13,
  "batch_size": 4,
  "repeats": 1,
  "selection": {
    "max_word_count": 5,
    "unique_prompts": true,
    "diverse_batches": true,
    "min_timestep": 70,
    "max_timestep": 100
  },
  "device": "cuda",
  "normal_loss": {
    "mean": 1.0924973212755644,
    "ci95_low": 1.090770672605588,
    "ci95_high": 1.0943886637687683
  },
  "none_loss": {
    "mean": 1.0924937174870417,
    "ci95_low": 1.0906652200680513,
    "ci95_high": 1.0942377007924593
  },
  "random_loss": {
    "mean": 1.0924973304455097,
    "ci95_low": 1.090669631270262,
    "ci95_high": 1.0943051235033914
  },
  "none_minus_normal": {
    "mean": -3.6037885225736177e-06,
    "ci95_low": -1.1003934420072115e-05,
    "ci95_high": 4.099194820110613e-06
  },
  "random_minus_normal": {
    "mean": 9.169945350060097e-09,
    "ci95_low": -6.8410084797785835e-06,
    "ci95_high": 7.502161539517909e-06
  },
  "prompt_ranking": {
    "top1_accuracy": {
      "mean": 0.38461538461538464,
      "ci95_low": 0.15384615384615385,
      "ci95_high": 0.6923076923076923
    },
    "top3_accuracy": {
      "mean": 0.6153846153846154,
      "ci95_low": 0.38269230769230783,
      "ci95_high": 0.8461538461538461
    },
    "mean_correct_rank": {
      "mean": 2.6153846153846154,
      "ci95_low": 1.8461538461538463,
      "ci95_high": 3.3076923076923075
    },
    "mean_best_wrong_minus_correct": {
      "mean": -4.3007043691781855e-06,
      "ci95_low": -1.0582346182603103e-05,
      "ci95_high": 1.7973092886117788e-06
    },
    "chance_top1": 0.25
  },
  "records": [
    {
      "batch_index": 0,
      "sample_index": 0,
      "text": "[LEN_3] MICHAEL ROSENGART: Thrusters.",
      "normal_loss": 1.08774995803833,
      "none_loss": 1.087741494178772,
      "random_loss": 1.0877598524093628,
      "correct_rank": 1,
      "top1_hit": true,
      "top3_hit": true,
      "best_wrong_minus_correct": 0.0
    },
    {
      "batch_index": 0,
      "sample_index": 1,
      "text": "[LEN_2] That's good.",
      "normal_loss": 1.0963246822357178,
      "none_loss": 1.096353530883789,
      "random_loss": 1.0963504314422607,
      "correct_rank": 1,
      "top1_hit": true,
      "top3_hit": true,
      "best_wrong_minus_correct": 1.6927719116210938e-05
    },
    {
      "batch_index": 0,
      "sample_index": 2,
      "text": "[LEN_1] Okay.",
      "normal_loss": 1.0917426347732544,
      "none_loss": 1.0917232036590576,
      "random_loss": 1.0917563438415527,
      "correct_rank": 3,
      "top1_hit": false,
      "top3_hit": true,
      "best_wrong_minus_correct": -1.4424324035644531e-05
    },
    {
      "batch_index": 0,
      "sample_index": 3,
      "text": "[LEN_3] It's not segmented.",
      "normal_loss": 1.0943835973739624,
      "none_loss": 1.0943835973739624,
      "random_loss": 1.0943835973739624,
      "correct_rank": 4,
      "top1_hit": false,
      "top3_hit": false,
      "best_wrong_minus_correct": 0.0
    },
    {
      "batch_index": 1,
      "sample_index": 0,
      "text": "[LEN_1] Good.",
      "normal_loss": 1.0898574590682983,
      "none_loss": 1.0898607969284058,
      "random_loss": 1.0898574590682983,
      "correct_rank": 1,
      "top1_hit": true,
      "top3_hit": true,
      "best_wrong_minus_correct": 0.0
    },
    {
      "batch_index": 1,
      "sample_index": 1,
      "text": "[LEN_3] Let's open Access.",
      "normal_loss": 1.0952543020248413,
      "none_loss": 1.0952543020248413,
      "random_loss": 1.095249056816101,
      "correct_rank": 3,
      "top1_hit": false,
      "top3_hit": true,
      "best_wrong_minus_correct": -5.245208740234375e-06
    },
    {
      "batch_index": 1,
      "sample_index": 2,
      "text": "[LEN_2] Try it.",
      "normal_loss": 1.0877879858016968,
      "none_loss": 1.087756633758545,
      "random_loss": 1.0877785682678223,
      "correct_rank": 4,
      "top1_hit": false,
      "top3_hit": false,
      "best_wrong_minus_correct": -1.633167266845703e-05
    },
    {
      "batch_index": 1,
      "sample_index": 3,
      "text": "[LEN_3] RICHARD BUCCOLA: Hi.",
      "normal_loss": 1.092883825302124,
      "none_loss": 1.0928688049316406,
      "random_loss": 1.0928758382797241,
      "correct_rank": 4,
      "top1_hit": false,
      "top3_hit": false,
      "best_wrong_minus_correct": -7.987022399902344e-06
    },
    {
      "batch_index": 2,
      "sample_index": 0,
      "text": "[LEN_3] Good work, Jonesy.",
      "normal_loss": 1.0916746854782104,
      "none_loss": 1.0916746854782104,
      "random_loss": 1.0916858911514282,
      "correct_rank": 1,
      "top1_hit": true,
      "top3_hit": true,
      "best_wrong_minus_correct": 1.1205673217773438e-05
    },
    {
      "batch_index": 2,
      "sample_index": 1,
      "text": "[LEN_2] Press F11.",
      "normal_loss": 1.0887562036514282,
      "none_loss": 1.08876633644104,
      "random_loss": 1.088747262954712,
      "correct_rank": 4,
      "top1_hit": false,
      "top3_hit": false,
      "best_wrong_minus_correct": -1.1205673217773438e-05
    },
    {
      "batch_index": 2,
      "sample_index": 2,
      "text": "[LEN_1] Right.",
      "normal_loss": 1.0919113159179688,
      "none_loss": 1.0919113159179688,
      "random_loss": 1.0919113159179688,
      "correct_rank": 3,
      "top1_hit": false,
      "top3_hit": true,
      "best_wrong_minus_correct": 0.0
    },
    {
      "batch_index": 2,
      "sample_index": 3,
      "text": "[LEN_3] She thanked me.",
      "normal_loss": 1.0951404571533203,
      "none_loss": 1.0951404571533203,
      "random_loss": 1.095111608505249,
      "correct_rank": 4,
      "top1_hit": false,
      "top3_hit": false,
      "best_wrong_minus_correct": -2.8848648071289062e-05
    },
    {
      "batch_index": 3,
      "sample_index": 0,
      "text": "[LEN_2] Say insert.",
      "normal_loss": 1.0989980697631836,
      "none_loss": 1.0989831686019897,
      "random_loss": 1.0989980697631836,
      "correct_rank": 1,
      "top1_hit": true,
      "top3_hit": true,
      "best_wrong_minus_correct": 0.0
    }
  ]
}