{
  "variant": "random_text",
  "checkpoint": "/teamspace/studios/this_studio/text_to_sign/text_to_sign/checkpoints/text2sign_20260319_015042/best_model.pt",
  "steps": 8,
  "guidance_scale": 5.0,
  "conditioning_mode": "random",
  "metrics": {
    "prompt_sensitivity": {
      "cross_prompt_distance_mean": 0.015257320832461119,
      "cross_prompt_distance_std": 0.00063121078725511
    },
    "diversity": {
      "same_prompt_distance_mean": 0.015599793133636316,
      "same_prompt_distance_std": 0.0008122021599655571
    },
    "temporal": {
      "consistency_mean": 0.9999979462246483,
      "consistency_std": 1.0542381033218849e-06,
      "motion_mean": 0.09462058021416588,
      "motion_std": 0.003934641054794851
    },
    "benchmark": {
      "prompt": "Hello world",
      "repeats": 2,
      "latency_mean_sec": 5.428351359999851,
      "latency_std_sec": 0.008010480000393727,
      "frames_per_second": 5.894975818219858,
      "clip_latency_sec": 5.428351359999851,
      "peak_memory_gb": 3.123870849609375,
      "num_inference_steps": 8,
      "guidance_scale": 5.0,
      "device": "cuda",
      "device_name": "NVIDIA L4",
      "torch_version": "2.2.2+cu121"
    }
  }
}