{
  "variant": "frozen_clip",
  "checkpoint": "/teamspace/studios/this_studio/text_to_sign/text_to_sign/checkpoints/text2sign_20260319_015042/best_model.pt",
  "steps": 8,
  "guidance_scale": 5.0,
  "conditioning_mode": "normal",
  "metrics": {
    "prompt_sensitivity": {
      "cross_prompt_distance_mean": 0.015254130431761345,
      "cross_prompt_distance_std": 0.0011071844485369435
    },
    "diversity": {
      "same_prompt_distance_mean": 0.015599793133636316,
      "same_prompt_distance_std": 0.0008122021599655571
    },
    "temporal": {
      "consistency_mean": 0.9999979739748059,
      "consistency_std": 1.0672211499686496e-06,
      "motion_mean": 0.09445377637542063,
      "motion_std": 0.0069435837018974
    },
    "benchmark": {
      "prompt": "Hello world",
      "repeats": 5,
      "latency_mean_sec": 12.596996582399697,
      "latency_std_sec": 1.3947133408013805,
      "frames_per_second": 2.54028805919578,
      "clip_latency_sec": 12.596996582399697,
      "peak_memory_gb": 3.1238250732421875,
      "num_inference_steps": 8,
      "guidance_scale": 5.0,
      "device": "cuda",
      "device_name": "NVIDIA L4"
    }
  }
}